{
  "extracted": 1.0,
  "extracted:std": 0.0,
  "chars": 38565.833333333336,
  "chars:std": 22487.415233241507,
  "score:std": 0.4422166387140533,
  "score": 0.7333333333333333
}