{
  "chars": 20467.636363636364,
  "chars:std": 11253.042829309486,
  "score:std": 0.4990808815757758,
  "score": 0.5303030303030303
}