{
  "pass@1": 0.8841463414634146,
  "pass@1:std": 0.32004935297587095,
  "score:std": 0.32004935297587095,
  "score": 0.8841463414634146
}