{
  "extracted": 1.0,
  "extracted:std": 0.0,
  "chars": 37690.86666666667,
  "chars:std": 23223.462496267766,
  "score:std": 0.4422166387140533,
  "score": 0.7333333333333333
}