{
  "chars": 19188.31818181818,
  "chars:std": 11497.916427620185,
  "score:std": 0.49792959773196915,
  "score": 0.5454545454545454
}