{
  "pass@1": 0.7621951219512195,
  "pass@1:std": 0.4257390257246628,
  "score:std": 0.4257390257246628,
  "score": 0.7621951219512195
}