{
  "category_score": 0.658,
  "category_score:std": 0.47437959483940706,
  "category_health": 0.6764705882352942,
  "answer_extracted": 1.0,
  "answer_extracted:std": 0.0,
  "score:std": 0.47437959483940706,
  "category_economics": 0.6551724137931034,
  "category_business": 0.8888888888888888,
  "category_chemistry": 0.675,
  "category_math": 0.8979591836734694,
  "category_other": 0.4594594594594595,
  "category_physics": 0.6666666666666666,
  "category_psychology": 0.5833333333333334,
  "category_history": 0.38461538461538464,
  "category_law": 0.38,
  "category_engineering": 0.64,
  "category_computer science": 0.85,
  "category_biology": 0.75,
  "category_philosophy": 0.6470588235294118,
  "score": 0.658
}