{
  "extracted": 1.0,
  "extracted:std": 0.0,
  "chars": 40287.7,
  "chars:std": 23269.813921545083,
  "score:std": 0.42295258468165065,
  "score": 0.7666666666666667
}