{
  "chars": 20736.484848484848,
  "chars:std": 12225.632121281991,
  "score:std": 0.49070536571681295,
  "score": 0.5959595959595959
}