{
  "pass@1": 0.7987804878048781,
  "pass@1:std": 0.4009117360555552,
  "score:std": 0.4009117360555552,
  "score": 0.7987804878048781
}