{
  "extracted": 1.0,
  "extracted:std": 0.0,
  "chars": 32728.833333333332,
  "chars:std": 20997.861978597302,
  "score:std": 0.42295258468165065,
  "score": 0.7666666666666667
}