{
  "chars": 11865.449494949495,
  "chars:std": 7409.606370150884,
  "score:std": 0.4963133137624,
  "score": 0.5606060606060606
}