{
  "pass@1": 0.8658536585365854,
  "pass@1:std": 0.3408094783532225,
  "score:std": 0.3408094783532225,
  "score": 0.8658536585365854
}