{
  "extracted": 1.0,
  "extracted:std": 0.0,
  "chars": 37283.3,
  "chars:std": 23670.60958678504,
  "score:std": 0.45825756949558394,
  "score": 0.7
}