{
  "chars": 14767.474747474747,
  "chars:std": 9474.01687055199,
  "score:std": 0.4997703788627467,
  "score": 0.5151515151515151
}