{
  "pass@1": 0.4695121951219512,
  "pass@1:std": 0.499069628161961,
  "score:std": 0.499069628161961,
  "score": 0.4695121951219512
}