{
  "pass@1": 0.4451219512195122,
  "pass@1:std": 0.49697927498241457,
  "score:std": 0.49697927498241457,
  "score": 0.4451219512195122
}