{
  "extracted": 0.9666666666666667,
  "extracted:std": 0.1795054935711501,
  "chars": 34442.3,
  "chars:std": 24836.6279047029,
  "score:std": 0.4422166387140533,
  "score": 0.7333333333333333
}