{
  "chars": 14007.237373737375,
  "chars:std": 8939.895769691426,
  "score:std": 0.4999744917480639,
  "score": 0.494949494949495
}