{
  "pass@1": 0.38414634146341464,
  "pass@1:std": 0.48639277318201213,
  "score:std": 0.48639277318201213,
  "score": 0.38414634146341464
}