{
  "extracted": 0.9666666666666667,
  "extracted:std": 0.17950549357115012,
  "chars": 38847.36666666667,
  "chars:std": 24888.035985835086,
  "score:std": 0.42295258468165065,
  "score": 0.7666666666666667
}