{
  "chars": 12594.31313131313,
  "chars:std": 8984.06721536697,
  "score:std": 0.4886216817150636,
  "score": 0.6060606060606061
}