{
  "pass@1": 0.39634146341463417,
  "pass@1:std": 0.48913690087027817,
  "score:std": 0.48913690087027817,
  "score": 0.39634146341463417
}