{
  "category_score": 0.756,
  "category_score:std": 0.42949272403615874,
  "category_health": 0.8529411764705882,
  "answer_extracted": 1.0,
  "answer_extracted:std": 0.0,
  "score:std": 0.42949272403615874,
  "category_economics": 0.6896551724137931,
  "category_business": 0.8888888888888888,
  "category_chemistry": 0.8,
  "category_math": 0.8979591836734694,
  "category_other": 0.6216216216216216,
  "category_physics": 0.8771929824561403,
  "category_psychology": 0.5833333333333334,
  "category_history": 0.6153846153846154,
  "category_law": 0.54,
  "category_engineering": 0.66,
  "category_computer science": 0.85,
  "category_biology": 0.90625,
  "category_philosophy": 0.7647058823529411,
  "score": 0.756
}