{
  "extracted": 1.0,
  "extracted:std": 0.0,
  "chars": 34467.73333333333,
  "chars:std": 17924.433292637797,
  "score:std": 0.4422166387140533,
  "score": 0.7333333333333333
}