{
  "chars": 9829.979797979799,
  "chars:std": 7529.96175085165,
  "score:std": 0.4990808815757758,
  "score": 0.4696969696969697
}