{
  "pass@1": 0.7439024390243902,
  "pass@1:std": 0.43647634556520193,
  "score:std": 0.43647634556520193,
  "score": 0.7439024390243902
}