{
  "category_score": 0.618,
  "category_score:std": 0.4858765275252551,
  "category_health": 0.7058823529411765,
  "answer_extracted": 1.0,
  "answer_extracted:std": 0.0,
  "score:std": 0.4858765275252551,
  "category_economics": 0.5517241379310345,
  "category_business": 0.7222222222222222,
  "category_chemistry": 0.575,
  "category_math": 0.8979591836734694,
  "category_other": 0.4594594594594595,
  "category_physics": 0.7017543859649122,
  "category_psychology": 0.5277777777777778,
  "category_history": 0.5384615384615384,
  "category_law": 0.34,
  "category_engineering": 0.52,
  "category_computer science": 0.8,
  "category_biology": 0.71875,
  "category_philosophy": 0.6470588235294118,
  "score": 0.618
}