{
  "extracted": 1.0,
  "extracted:std": 0.0,
  "chars": 37858.4,
  "chars:std": 23319.30136975234,
  "score:std": 0.44221663871405337,
  "score": 0.7333333333333333
}