{
  "chars": 14960.10606060606,
  "chars:std": 8395.12657233462,
  "score:std": 0.498364839770051,
  "score": 0.5404040404040404
}