{
  "extracted": 1.0,
  "extracted:std": 0.0,
  "chars": 34501.066666666666,
  "chars:std": 21747.53420801744,
  "score:std": 0.44221663871405337,
  "score": 0.7333333333333333
}