{
  "chars": 12780.075757575758,
  "chars:std": 8009.616859228319,
  "score:std": 0.49792959773196915,
  "score": 0.5454545454545454
}