{
  "pass@1": 0.8292682926829268,
  "pass@1:std": 0.3762743565985735,
  "score:std": 0.3762743565985735,
  "score": 0.8292682926829268
}