{
  "extracted": 0.9666666666666667,
  "extracted:std": 0.17950549357115014,
  "chars": 43676.333333333336,
  "chars:std": 29586.834463246578,
  "score:std": 0.4229525846816507,
  "score": 0.7666666666666667
}