{
  "chars": 20008.88888888889,
  "chars:std": 12069.963168404625,
  "score:std": 0.4997703788627467,
  "score": 0.5151515151515151
}