{
  "pass@1": 0.17682926829268292,
  "pass@1:std": 0.3815241514868454,
  "score:std": 0.3815241514868454,
  "score": 0.17682926829268292
}