{
  "extracted": 0.9666666666666667,
  "extracted:std": 0.17950549357115014,
  "chars": 38660.3,
  "chars:std": 24321.81245459858,
  "score:std": 0.4,
  "score": 0.8
}