{
  "chars": 16712.823232323233,
  "chars:std": 10331.017485559445,
  "score:std": 0.49567047056102215,
  "score": 0.5656565656565656
}