{
  "pass@1": 0.9024390243902439,
  "pass@1:std": 0.2967201234291814,
  "score:std": 0.2967201234291814,
  "score": 0.9024390243902439
}