{
  "category_score": 0.756,
  "category_score:std": 0.42949272403615874,
  "category_health": 0.7941176470588235,
  "answer_extracted": 1.0,
  "answer_extracted:std": 0.0,
  "score:std": 0.42949272403615874,
  "category_economics": 0.6896551724137931,
  "category_business": 0.9166666666666666,
  "category_chemistry": 0.75,
  "category_math": 0.8979591836734694,
  "category_other": 0.6216216216216216,
  "category_physics": 0.8947368421052632,
  "category_psychology": 0.6388888888888888,
  "category_history": 0.6153846153846154,
  "category_law": 0.5,
  "category_engineering": 0.72,
  "category_computer science": 0.8,
  "category_biology": 0.90625,
  "category_philosophy": 0.7647058823529411,
  "score": 0.756
}