{
  "extracted": 1.0,
  "extracted:std": 0.0,
  "chars": 31596.666666666668,
  "chars:std": 20134.00512455372,
  "score:std": 0.45825756949558394,
  "score": 0.7
}