{
  "chars": 11617.838383838383,
  "chars:std": 7633.56401756374,
  "score:std": 0.49567047056102215,
  "score": 0.5656565656565656
}