{
  "pass@1": 0.823170731707317,
  "pass@1:std": 0.3815241514868453,
  "score:std": 0.3815241514868453,
  "score": 0.823170731707317
}