{
  "extracted": 1.0,
  "extracted:std": 0.0,
  "chars": 35615.86666666667,
  "chars:std": 21570.695625830478,
  "score:std": 0.4,
  "score": 0.8
}