{
  "chars": 15975.611111111111,
  "chars:std": 8653.819545877059,
  "score:std": 0.49874856143953566,
  "score": 0.5353535353535354
}