{
  "pass@1": 0.774390243902439,
  "pass@1:std": 0.4179832461369235,
  "score:std": 0.4179832461369235,
  "score": 0.774390243902439
}