{
  "category_score": 0.712,
  "category_score:std": 0.45283109433871693,
  "category_health": 0.8529411764705882,
  "answer_extracted": 1.0,
  "answer_extracted:std": 0.0,
  "score:std": 0.45283109433871693,
  "category_economics": 0.7586206896551724,
  "category_business": 0.8055555555555556,
  "category_chemistry": 0.75,
  "category_math": 0.9183673469387755,
  "category_other": 0.6216216216216216,
  "category_physics": 0.8070175438596491,
  "category_psychology": 0.6111111111111112,
  "category_history": 0.5384615384615384,
  "category_law": 0.42,
  "category_engineering": 0.56,
  "category_computer science": 0.85,
  "category_biology": 0.78125,
  "category_philosophy": 0.7058823529411765,
  "score": 0.712
}