{
  "extracted": 1.0,
  "extracted:std": 0.0,
  "chars": 35474.7,
  "chars:std": 25197.899633567344,
  "score:std": 0.37267799624996495,
  "score": 0.8333333333333334
}