{
  "chars": 8872.232323232323,
  "chars:std": 5985.049426946749,
  "score:std": 0.49257314506006494,
  "score": 0.5858585858585859
}