{
  "pass@1": 0.8719512195121951,
  "pass@1:std": 0.33414411606878675,
  "score:std": 0.33414411606878675,
  "score": 0.8719512195121951
}