{
  "extracted": 0.9333333333333333,
  "extracted:std": 0.24944382578492943,
  "chars": 36461.7,
  "chars:std": 25016.01147418722,
  "score:std": 0.458257569495584,
  "score": 0.7
}