{
  "chars": 14409.262626262625,
  "chars:std": 10667.00078935585,
  "score:std": 0.49257314506006494,
  "score": 0.5858585858585859
}