{
  "pass@1": 0.8780487804878049,
  "pass@1:std": 0.32722946012192045,
  "score:std": 0.32722946012192045,
  "score": 0.8780487804878049
}